[
{
   "fields": {
      "created_at": "2015-02-12T22:40:49Z",
      "name": "Test Dataset",
      "description": "This is a test dataset."
   },
   "model": "corpus.dataset",
   "pk": 1
},
{
   "fields": {
      "name": "original"
   },
   "model": "corpus.messagetype",
   "pk": 1
},
{
   "fields": {
      "name": "retweet"
   },
   "model": "corpus.messagetype",
   "pk": 2
},
{
   "fields": {
      "name": "reply"
   },
   "model": "corpus.messagetype",
   "pk": 3
},
{
   "fields": {
      "code": "fr",
      "name": "French"
   },
   "model": "corpus.language",
   "pk": 1
},
{
   "fields": {
      "code": "en",
      "name": "English"
   },
   "model": "corpus.language",
   "pk": 2
},
{
   "fields": {
      "code": "ar",
      "name": "Arabic"
   },
   "model": "corpus.language",
   "pk": 3
},
{
   "fields": {
      "code": "ja",
      "name": "Japanese"
   },
   "model": "corpus.language",
   "pk": 4
},
{
   "fields": {
      "code": "es",
      "name": "Spanish"
   },
   "model": "corpus.language",
   "pk": 5
},
{
   "fields": {
      "code": "de",
      "name": "German"
   },
   "model": "corpus.language",
   "pk": 6
},
{
   "fields": {
      "code": "it",
      "name": "Italian"
   },
   "model": "corpus.language",
   "pk": 7
},
{
   "fields": {
      "code": "id",
      "name": "Indonesian"
   },
   "model": "corpus.language",
   "pk": 8
},
{
   "fields": {
      "code": "pt",
      "name": "Portuguese"
   },
   "model": "corpus.language",
   "pk": 9
},
{
   "fields": {
      "code": "ko",
      "name": "Korean"
   },
   "model": "corpus.language",
   "pk": 10
},
{
   "fields": {
      "code": "tr",
      "name": "Turkish"
   },
   "model": "corpus.language",
   "pk": 11
},
{
   "fields": {
      "code": "ru",
      "name": "Russian"
   },
   "model": "corpus.language",
   "pk": 12
},
{
   "fields": {
      "code": "nl",
      "name": "Dutch"
   },
   "model": "corpus.language",
   "pk": 13
},
{
   "fields": {
      "code": "fil",
      "name": "Filipino"
   },
   "model": "corpus.language",
   "pk": 14
},
{
   "fields": {
      "code": "msa",
      "name": "Malay"
   },
   "model": "corpus.language",
   "pk": 15
},
{
   "fields": {
      "code": "zh-tw",
      "name": "Traditional Chinese"
   },
   "model": "corpus.language",
   "pk": 16
},
{
   "fields": {
      "code": "zh-cn",
      "name": "Simplified Chinese"
   },
   "model": "corpus.language",
   "pk": 17
},
{
   "fields": {
      "code": "hi",
      "name": "Hindi"
   },
   "model": "corpus.language",
   "pk": 18
},
{
   "fields": {
      "code": "no",
      "name": "Norwegian"
   },
   "model": "corpus.language",
   "pk": 19
},
{
   "fields": {
      "code": "sv",
      "name": "Swedish"
   },
   "model": "corpus.language",
   "pk": 20
},
{
   "fields": {
      "code": "fi",
      "name": "Finnish"
   },
   "model": "corpus.language",
   "pk": 21
},
{
   "fields": {
      "code": "da",
      "name": "Danish"
   },
   "model": "corpus.language",
   "pk": 22
},
{
   "fields": {
      "code": "pl",
      "name": "Polish"
   },
   "model": "corpus.language",
   "pk": 23
},
{
   "fields": {
      "code": "hu",
      "name": "Hungarian"
   },
   "model": "corpus.language",
   "pk": 24
},
{
   "fields": {
      "code": "fa",
      "name": "Persian"
   },
   "model": "corpus.language",
   "pk": 25
},
{
   "fields": {
      "code": "he",
      "name": "Hebrew"
   },
   "model": "corpus.language",
   "pk": 26
},
{
   "fields": {
      "code": "th",
      "name": "Thai"
   },
   "model": "corpus.language",
   "pk": 27
},
{
   "fields": {
      "code": "uk",
      "name": "Ukrainian"
   },
   "model": "corpus.language",
   "pk": 28
},
{
   "fields": {
      "code": "cs",
      "name": "Czech"
   },
   "model": "corpus.language",
   "pk": 29
},
{
   "fields": {
      "code": "ro",
      "name": "Romanian"
   },
   "model": "corpus.language",
   "pk": 30
},
{
   "fields": {
      "code": "en-gb",
      "name": "British English"
   },
   "model": "corpus.language",
   "pk": 31
},
{
   "fields": {
      "code": "vi",
      "name": "Vietnamese"
   },
   "model": "corpus.language",
   "pk": 32
},
{
   "fields": {
      "code": "bn",
      "name": "Bengali"
   },
   "model": "corpus.language",
   "pk": 33
},
{
   "fields": {
      "short_url": "http://t.co/aw395378w59",
      "domain": "google.com",
      "full_url": "http://www.google.com"
   },
   "model": "corpus.url",
   "pk": 1
},
{
   "fields": {
      "username": "alice",
      "friend_count": 1256,
      "mentioned_count": 3,
      "language": 2,
      "shared_count": 52,
      "dataset": 1,
      "original_id": null,
      "full_name": "Alice",
      "follower_count": 123,
      "replied_to_count": 23
   },
   "model": "corpus.person",
   "pk": 1
},
{
   "fields": {
      "username": "bob",
      "friend_count": 9,
      "mentioned_count": 252,
      "language": 1,
      "shared_count": 45,
      "dataset": 1,
      "original_id": null,
      "full_name": "Bob",
      "follower_count": 24,
      "replied_to_count": 2
   },
   "model": "corpus.person",
   "pk": 2
},
{
   "fields": {
      "username": "carl",
      "friend_count": 32,
      "mentioned_count": 355,
      "language": 2,
      "shared_count": 53,
      "dataset": 1,
      "original_id": null,
      "full_name": "Carl",
      "follower_count": 2,
      "replied_to_count": 2
   },
   "model": "corpus.person",
   "pk": 3
},
{
   "fields": {
      "media": [],
      "sender": 1,
      "language": 2,
      "text": "Hello world!",
      "sentiment": 2,
      "hashtags": [],
      "dataset": 1,
      "contains_hashtag": false,
      "original_id": null,
      "urls": [],
      "time": "2015-02-12T22:41:39Z",
      "contains_media": false,
      "contains_mention": false,
      "mentions": [],
      "type": 1,
      "contains_url": false
   },
   "model": "corpus.message",
   "pk": 1
},
{
   "fields": {
      "media": [],
      "sender": 2,
      "language": 1,
      "text": "@Alice great to see you!",
      "sentiment": 3,
      "hashtags": [],
      "dataset": 1,
      "contains_hashtag": false,
      "original_id": null,
      "urls": [],
      "time": "2015-02-12T22:44:57Z",
      "contains_media": false,
      "contains_mention": true,
      "mentions": [
         1
      ],
      "type": 3,
      "contains_url": false
   },
   "model": "corpus.message",
   "pk": 2
},
{
   "fields": {
      "media": [],
      "sender": 1,
      "language": 2,
      "text": "RT @Alice great to see you!",
      "sentiment": 3,
      "hashtags": [],
      "dataset": 1,
      "contains_hashtag": false,
      "original_id": null,
      "urls": [],
      "time": "2015-02-12T22:54:04Z",
      "contains_media": false,
      "contains_mention": true,
      "mentions": [
         1
      ],
      "type": 2,
      "contains_url": false
   },
   "model": "corpus.message",
   "pk": 3
},
{
   "fields": {
      "media": [],
      "sender": 3,
      "language": 2,
      "text": "Wow this is an awesome site: http://www.google.com have you guys seen it?",
      "sentiment": 3,
      "hashtags": [],
      "dataset": 1,
      "contains_hashtag": false,
      "original_id": null,
      "urls": [
         1
      ],
      "time": "2015-02-13T04:25:53Z",
      "contains_media": false,
      "contains_mention": false,
      "mentions": [],
      "type": 1,
      "contains_url": true
   },
   "model": "corpus.message",
   "pk": 4
}
]
